City,Country,Lat,Lng,Date,Cloudiness,Humidity,Max Temp,Wind Speed
dalbandin,PK,28.894699,64.410088,1578960000,0,67,36.19,9.8
sao joao da barra,BR,-21.64028,-41.051109,1578960000,100,92,76.21,9.42
port alfred,ZA,-33.590569,26.891041,1578960000,80,90,72.36,17.74
hilo,US,19.729719,-155.089996,1578960000,100,80,72.61,8.61
pouebo,NC,-20.4,164.566666,1578960000,90,54,84.7,9.51
dwarka,IN,22.239441,68.967781,1578960000,0,50,69.17,10.78
hasaki,JP,35.73333,140.833328,1578960000,54,71,54.5,13.04
puquio,PE,-14.7,-74.13333100000001,1578960000,74,86,44.98,7.65
avarua,CK,-21.207781,-159.774994,1578960000,50,79,83.8,17.63
lebu,CL,-37.616669,-73.650002,1578960000,11,83,57.43,10.36
baykit,RU,61.669998,96.370003,1578960000,98,99,-9.15,2.75
cape town,ZA,-33.925838,18.42322,1578960000,37,85,69.35,7.2
ushuaia,AR,-54.799999,-68.300003,1578960000,100,99,51.66,3.09
tiksi,RU,71.687218,128.86944599999998,1578960000,99,90,-15.25,4.54
neryungri,RU,56.670898,124.649101,1578960000,27,94,-11.45,1.16
bambanglipuro,ID,-7.95,110.283333,1578960000,100,84,77.05,3.15
yenagoa,NG,4.92472,6.26417,1578960000,0,87,78.44,2.8
kloulklubed,PW,7.041919999999998,134.25561499999998,1578960000,100,80,82.58,15.1
punta arenas,CL,-53.150002,-70.91667199999998,1578960000,100,72,56.12,8.79
tuktoyaktuk,CA,69.45414,-133.03741499999998,1578960000,0,77,-8.01,11.7
mogadishu,SO,2.03711,45.34375,1578960000,23,78,81.16,26.91
zhangye,CN,38.93417,100.451668,1578960000,28,39,24.26,8.41
fort nelson,CA,58.805328,-122.700203,1578960000,98,99,-23.66,0.65
petropavlovsk-kamchatskiy,RU,53.0452,158.6483,1578960000,100,89,29.37,13.73
qaanaaq,GL,77.483971,-69.363213,1578960000,0,45,-8.82,4.45
along,IN,28.16667,94.76667,1578960000,0,72,45.59,4.56
susehri,TR,40.16444,38.08667,1578960000,0,68,15.4,3.04
sitka,US,57.053059,-135.330002,1578960000,0,54,22.5,4.54
puerto ayora,EC,-0.73931,-90.351761,1578960000,54,75,80.92,7.2
arraial do cabo,BR,-22.96611,-42.027779,1578960000,100,78,76.84,11.34
denpasar,ID,-8.65,115.216667,1578960000,64,75,83.73,1.86
macapa,BR,0.03889,-51.066391,1578960000,52,84,79.68,9.24
khorramshahr,IR,30.439699,48.166401,1578960000,0,45,53.11,4.27
pangnirtung,CA,66.145111,-65.712517,1578960000,84,92,-17.79,3.67
boyolangu,ID,-8.1181,111.893501,1578960000,89,82,76.8,4.43
klaksvik,FO,62.226551,-6.589010000000001,1578960000,88,82,44.15,36.22
rawson,AR,-43.300159,-65.10228000000001,1578960000,84,69,68.61,27.31
hermanus,ZA,-34.418701,19.234461,1578960000,29,85,72.36,17.36
borujerd,IR,33.897301,48.751598,1578960000,100,96,23.85,1.01
narsaq,GL,60.916672,-46.049999,1578960000,98,58,7.63,1.1
champerico,GT,14.3,-91.916672,1578960000,0,68,80.82,6.64
clyde river,CA,70.469162,-68.591431,1578960000,100,96,-8.84,9.31
kinwat,IN,19.633329,78.199997,1578960000,5,39,62.65,4.27
beidao,CN,34.568611,105.893333,1578960000,53,72,26.06,2.28
rikitea,PF,-23.120279,-134.969177,1578960000,0,80,78.04,10.09
pacific grove,US,36.617741,-121.916618,1578960000,0,71,54.68,9.15
bubaque,GW,11.28333,-15.833329999999998,1578960000,1,55,80.53,7.63
upernavik,GL,72.78684200000002,-56.15485,1578960000,100,89,-6.03,7.9
chunhuhub,MX,19.549999,-88.683327,1578960000,24,95,72.72,3.56
kalmunai,LK,7.41667,81.816673,1578960000,97,64,79.3,13.06
shimoda,JP,34.666672,138.949997,1578960000,2,52,53.58,19.37
cap malheureux,MU,-19.984171,57.61417,1578960000,49,82,80.46,10.45
deputatskiy,RU,69.300003,139.899994,1578960000,1,67,-23.87,3.42
husavik,IS,66.044891,-17.33885,1578960000,100,94,33.26,33.87
dudinka,RU,69.40583000000001,86.17778,1578960000,100,88,7.5,27.07
hofn,IS,64.25386800000001,-15.2082,1578960000,100,94,34.02,57.47
rapid valley,US,44.062489,-103.146294,1578960000,50,74,25.54,14.99
manubul,PH,5.4732,120.798599,1578960000,10,78,80.6,6.33
caravelas,BR,-17.712549,-39.248138,1578960000,0,88,79.47,13.58
ornskoldsvik,SE,63.290909,18.71525,1578960000,80,76,25.66,3.2
zabid,YE,14.1951,43.315182,1578960000,15,71,72.03,3.24
koulikoro,ML,12.86273,-7.55985,1578960000,0,17,67.93,9.89
kitgum,UG,3.2783300000000004,32.886669,1578960000,33,22,68.68,3.11
east london,ZA,-33.015289,27.911619,1578960000,43,84,74.23,11.32
kuryk,KZ,43.200001,51.650002,1578960000,56,72,43.09,12.66
adre,TD,13.46667,22.200001,1578960000,0,20,57.67,8.1
narasannapeta,IN,18.41667,84.050003,1578960000,0,79,59.74,3.33
bambous virieux,MU,-20.342779,57.7575,1578960000,25,84,80.33,10.71
maumere,ID,-8.6199,122.211098,1578960000,100,76,79.74,3.6
wlodawa,PL,51.549999,23.549999,1578960000,94,85,35.8,7.09
ust-nera,RU,64.566673,143.199997,1578960000,100,99,-31.81,2.93
dikson,RU,73.506943,80.546387,1578960000,100,93,1.63,23.51
half moon bay,US,37.463551,-122.428589,1578960000,17,75,52.74,6.29
san policarpo,PH,12.1791,125.507202,1578960000,66,83,80.83,10.6
bluff,NZ,-46.599998,168.333328,1578960000,26,52,66.65,6.96
zyryanskoye,RU,56.830601,86.625801,1578960000,92,94,4.28,7.52
seoul,KR,37.56826,126.977829,1578960000,8,43,28.67,1.52
severo-kurilsk,RU,50.67889,156.125,1578960000,78,90,20.37,25.23
yulara,AU,-25.240601,130.988907,1578960000,14,14,97.74,18.1
novyy urengoy,RU,66.08332800000001,76.63333100000001,1578960000,100,93,13.42,12.68
soe,ID,-9.86071,124.283951,1578960000,100,74,80.46,1.12
ilulissat,GL,69.216667,-51.099998,1578960000,100,89,5.13,4.09
tual,ID,-5.66667,132.75,1578960000,100,76,83.39,7.72
te anau,NZ,-45.416672,167.716675,1578960000,31,68,51.55,1.21
egvekinot,RU,66.316673,-179.166672,1578960000,100,100,-11.42,3.96
huarmey,PE,-10.06806,-78.152222,1578960000,13,71,71.42,5.86
abatskoye,RU,56.28747900000001,70.455528,1578960000,100,90,18.57,15.05
glenwood springs,US,39.550541,-107.324783,1578960000,54,85,18.07,2.46
chalmette,US,29.942699,-89.963402,1578960000,100,95,67.87,8.34
dzaoudzi,YT,-12.7887,45.269939,1578960000,72,76,83.23,9.46
cidreira,BR,-30.18111,-50.205559,1578960000,21,70,73.83,16.71
chokurdakh,RU,70.63333100000001,147.916672,1578960000,99,96,-18.08,1.59
talnakh,RU,69.48650400000001,88.39720200000002,1578960000,100,96,6.15,17.4
adrar,DZ,27.87429,-0.29388000000000003,1578960000,0,50,47.7,8.1
natal,BR,-5.795,-35.209438,1578960000,39,78,81.18,14.81
port hardy,CA,50.699619,-127.419853,1578960000,90,62,23.79,5.06
bredasdorp,ZA,-34.53215,20.04031,1578960000,96,87,72.72,8.55
trairi,BR,-3.2777800000000004,-39.26889,1578960000,98,88,75.29,1.19
kodiak,US,57.790001,-152.407227,1578960000,6,70,36.01,18.81
tarjan,HU,47.61042,18.5107,1578960000,100,95,28.31,4.63
vila velha,BR,-20.32972,-40.2925,1578960000,90,97,76.42,5.12
saskylakh,RU,71.91667199999998,114.083328,1578960000,0,91,-12.05,9.26
novoagansk,RU,61.944901,76.662498,1578960000,99,91,15.04,14.5
inyonga,TZ,-6.71667,32.066669,1578960000,7,97,63.16,2.91
maragogi,BR,-9.01222,-35.2225,1578960000,15,78,80.67,13.49
pevek,RU,69.700829,170.313324,1578960000,100,98,-5.76,4.43
tiruchchendur,IN,8.48333,78.11666899999999,1578960000,47,82,72.72,9.13
ambilobe,MG,-13.2,49.049999,1578960000,52,87,72.93,4.29
muscat,OM,23.613871,58.592201,1578960000,34,56,61.74,3.87
orebro,SE,59.27412,15.2066,1578960000,90,87,36.48,9.06
tumut,AU,-35.299999,148.216675,1578960000,12,24,83.73,4.79
ahipara,NZ,-35.166672,173.166672,1578960000,54,87,72.72,10.22
yellowknife,CA,62.456001,-114.352547,1578960000,13,93,-29.92,6.11
tasiilaq,GL,65.61451,-37.636761,1578960000,100,57,21.0,10.09
atuona,PF,-9.8,-139.033325,1578960000,9,76,81.84,15.28
arrifes,PT,37.76667,-25.700001,1578960000,76,77,63.61,27.42
villa carlos paz,AR,-31.424141,-64.49778,1578960000,63,63,77.4,6.06
katsuura,JP,35.133331,140.300003,1578960000,35,75,51.89,10.96
new norfolk,AU,-42.782612,147.058701,1578960000,23,46,82.15,3.22
jiexiu,CN,37.024441,111.912498,1578960000,0,60,8.49,1.36
esperantinopolis,BR,-4.86667,-44.708328,1578960000,94,96,73.98,1.95
vestmannaeyjar,IS,63.44273000000001,-20.27339,1578960000,100,57,36.5,40.82
cam ranh,VN,11.92144,109.159126,1578960000,13,92,71.4,4.36
arica,CL,-18.475,-70.30416899999999,1578960000,94,79,71.89,5.48
kapaa,US,22.075211,-159.318954,1578960000,100,88,76.86,11.48
the valley,AI,18.217039,-63.05783100000001,1578960000,19,72,78.1,29.28
aklavik,CA,68.219131,-135.010712,1578960000,0,83,-13.74,15.48
meulaboh,ID,4.1363,96.128502,1578960000,89,76,81.32,4.36
bathsheba,BB,13.21667,-59.51667,1578960000,3,76,76.71,20.15
sao filipe,CV,14.8961,-24.49556,1578960000,94,74,69.58,14.9
abha,SA,18.216391,42.50528,1578960000,9,74,63.25,0.29
provideniya,RU,64.38333100000001,-173.300003,1578960000,25,83,23.7,21.09
puerto cabezas,NI,14.03507,-83.388817,1578960000,13,89,75.87,5.93
hithadhoo,MV,-0.6,73.08332800000002,1578960000,100,72,82.17,9.84
matara,LK,5.94851,80.535278,1578960000,45,91,70.54,2.66
burns lake,CA,54.233101,-125.753304,1578960000,6,95,-14.75,1.81
el zulia,CO,7.93248,-72.60125,1578960000,58,84,71.62,1.07
namibe,AO,-15.19611,12.15222,1578960000,82,84,73.31,13.35
lompoc,US,34.639149,-120.457939,1578960000,0,68,57.38,16.62
bengkulu,ID,-3.80044,102.265541,1578960000,99,86,73.08,3.13
baker city,US,44.774872,-117.834381,1578960000,100,97,26.29,6.17
tocopilla,CL,-22.09198,-70.19792199999999,1578960000,85,58,60.8,2.53
namatanai,PG,-3.66667,152.433334,1578960000,100,77,83.34,12.71
panzhihua,CN,26.585091,101.712761,1578960000,0,86,38.93,1.19
calabozo,VE,8.92416,-67.429291,1578960000,55,50,82.17,7.72
yar-sale,RU,66.83332800000001,70.83332800000002,1578960000,97,95,12.0,8.28
moa,CU,20.65694,-74.94027700000002,1578960000,0,88,69.42,11.9
ancud,CL,-41.86972,-73.82028199999998,1578960000,1,84,60.08,10.2
okhotsk,RU,59.38333100000001,143.300003,1578960000,0,68,-20.78,8.14
teloloapan,MX,18.35,-99.849998,1578960000,46,38,78.22,1.77
mar del plata,AR,-38.002281,-57.557541,1578960000,83,77,66.4,17.96
hoi an,VN,15.87944,108.334999,1578960000,100,79,71.85,9.73
nosy varika,MG,-20.58333,48.533329,1578960000,100,92,74.8,2.21
mahebourg,MU,-20.40806,57.700001,1578960000,5,87,78.39,6.82
martapura,ID,-3.41667,114.849998,1578960000,55,82,79.57,0.45
verkhoyansk,RU,67.544724,133.384995,1578960000,89,80,-27.54,2.28
pisco,PE,-13.7,-76.216667,1578960000,70,81,67.77,2.98
lerwick,GB,60.15453,-1.14941,1578960000,85,72,47.41,37.67
cherskiy,RU,68.75,161.300003,1578960000,97,88,-21.84,12.01
mezen,RU,65.85221899999999,44.240002,1578960000,99,94,24.85,11.14
carauari,BR,-4.88278,-66.89582800000001,1578960000,75,95,73.58,1.59
longyearbyen,SJ,78.218597,15.64007,1578960000,23,100,-5.4,1.81
faanui,PF,-16.48333,-151.75,1578960000,85,78,80.49,18.77
hambantota,LK,6.1241,81.1185,1578960000,92,73,76.24,16.71
asyut,EG,27.18096,31.18368,1578960000,29,48,49.75,6.17
lazaro cardenas,MX,17.95833,-102.199997,1578960000,41,73,80.46,3.09
piacabucu,BR,-10.40556,-36.434441,1578960000,13,83,78.73,8.95
codrington,AU,-38.26667,141.966675,1578960000,0,83,63.72,11.59
ambanja,MG,-13.683329999999998,48.450001,1578960000,62,87,76.1,3.62
baijiantan,CN,45.633331,85.183327,1578960000,100,81,12.83,4.5
tilichiki,RU,60.466671,166.100006,1578960000,100,97,29.03,18.61
hvide sande,DK,56.00451999999999,8.12937,1578960000,100,88,43.02,39.66
kon tum,VN,14.35,108.0,1578960000,1,91,53.24,3.0
comodoro rivadavia,AR,-45.866669,-67.5,1578960000,32,28,96.31,26.46
koraput,IN,18.816669,82.716667,1578960000,0,49,56.57,1.39
humberto de campos,BR,-2.59833,-43.461109,1578960000,89,92,76.53,3.85
kahului,US,20.89472,-156.470001,1578960000,98,75,75.97,31.09
port maria,JM,18.36849,-76.88945799999998,1578960000,1,76,83.48,18.66
regeneracao,BR,-6.23778,-42.688332,1578960000,97,91,73.51,3.29
veraval,IN,20.9,70.36666899999999,1578960000,50,82,55.94,6.93
kruisfontein,ZA,-34.00333,24.731421,1578960000,67,93,67.03,3.09
takoradi,GH,4.8844699999999985,-1.7553599999999998,1578960000,0,87,78.28,3.53
kenai,US,60.55444,-151.258331,1578960000,63,86,16.56,7.94
zhigansk,RU,66.769722,123.371109,1578960000,100,95,-13.83,15.43
mahibadhoo,MV,3.78333,72.966667,1578960000,91,73,80.74,15.32
isangel,VU,-19.549999,169.266663,1578960000,86,83,85.23,20.22
sanguem,IN,15.23333,74.16667199999998,1578960000,84,86,73.36,6.98
port blair,IN,11.66667,92.75,1578960000,0,75,78.69,10.16
plettenberg bay,ZA,-34.052738,23.371599,1578960000,68,94,69.62,5.84
jacareacanga,BR,-6.22222,-57.75278100000001,1578960000,44,96,73.24,1.66
haines junction,CA,60.752159,-137.510818,1578960000,0,83,-18.62,4.63
batagay-alyta,RU,67.80056,130.411392,1578960000,93,99,-15.97,2.19
kavieng,PG,-2.57444,150.79669199999995,1578960000,100,81,82.76,26.17
bendigo,AU,-36.76667,144.283325,1578960000,0,26,94.86,10.31
nanortalik,GL,60.14316899999999,-45.237148,1578960000,79,58,20.43,7.0
sept-iles,CA,50.200111,-66.38208,1578960000,100,88,12.11,10.94
carutapera,BR,-1.195,-46.02,1578960000,97,76,81.84,11.72
los llanos de aridane,ES,28.65851,-17.918209,1578960000,0,69,65.1,13.85
palana,RU,59.116669,159.966675,1578960000,100,77,18.97,5.7
de aar,ZA,-30.64966,24.0123,1578960000,87,48,75.18,19.62
arvika,SE,59.655281,12.58518,1578960000,71,88,39.16,9.8
tuatapere,NZ,-46.133331,167.683334,1578960000,34,44,68.81,4.68
xai-xai,MZ,-25.051941,33.644169,1578960000,88,88,74.68,4.0
paamiut,GL,61.994019,-49.667759,1578960000,7,69,12.4,19.73
iranshahr,IR,27.20245,60.684761,1578960000,0,47,47.23,0.67
torbay,CA,47.666592,-52.73135,1578960000,79,71,16.84,12.01
guerrero negro,MX,27.976940000000006,-114.061111,1578960000,68,69,61.88,12.62
uturoa,PF,-16.73333,-151.433334,1578960000,85,78,80.49,18.77
caninde,BR,-4.35889,-39.311668,1578960000,58,89,72.9,4.5
klamath falls,US,42.224869,-121.78167,1578960000,93,99,32.16,6.24
quatre cocos,MU,-20.207781,57.762501,1578960000,58,84,80.67,11.01
gouyave,GD,12.16462,-61.729649,1578960000,0,76,80.02,21.36
cabedelo,BR,-6.98111,-34.833889,1578960000,7,80,78.8,7.52
gayeri,BF,12.64972,0.4930600000000001,1578960000,26,20,69.24,9.19
vaini,TO,-21.200001,-175.199997,1578960000,19,81,83.59,15.43
iqaluit,CA,63.750591,-68.514488,1578960000,100,77,-5.55,13.42
taoudenni,ML,22.678329,-3.98361,1578960000,27,34,52.66,11.52
beyneu,KZ,45.316669,55.200001,1578960000,100,88,31.89,17.0
tekeli,KZ,44.830002,78.823891,1578960000,100,87,12.88,4.16
mongar,BT,27.27471,91.239632,1578960000,54,91,31.28,3.31
jianhu,CN,29.97986,120.571243,1578960000,100,73,43.72,4.76
ndele,CF,8.410910000000001,20.64728,1578960000,7,16,66.11,5.77
kaeo,NZ,-35.099998,173.783325,1578960000,4,82,72.09,10.74
yerbogachen,RU,61.27666899999999,108.010834,1578960000,98,98,-10.86,6.33
yuksekova,TR,37.57362,44.287159,1578960000,31,86,13.98,5.84
grindavik,IS,63.8424,-22.43375,1578960000,100,67,34.52,38.3
warmbad,,-28.450001,18.73333,1578960000,2,41,73.04,9.33
evensk,RU,61.950001,159.233337,1578960000,98,75,2.03,11.14
elliot lake,CA,46.383362,-82.63314799999998,1578960000,97,97,11.23,0.56
sao jose da coroa grande,BR,-8.897780000000003,-35.147781,1578960000,15,78,80.67,13.49
shahi,IN,28.549999,79.316673,1578960000,57,84,54.72,4.09
hamada,JP,34.883331,132.083328,1578960000,100,66,46.9,9.19
lundazi,ZM,-12.29292,33.1782,1578960000,100,96,64.22,4.34
ouesso,CG,1.61361,16.05167,1578960000,85,59,73.69,2.33
zhigalovo,RU,54.809719,105.157784,1578960000,7,99,-13.13,2.1
lishui,CN,28.460421000000004,119.910294,1578960000,100,85,42.26,2.93
maymyo,MM,22.033331,96.466667,1578960000,0,78,53.58,2.26
khatanga,RU,71.966667,102.5,1578960000,0,89,-16.53,6.62
saldanha,ZA,-33.011669,17.944201,1578960000,21,96,65.86,13.2
da lat,VN,11.94646,108.441933,1578960000,0,40,54.39,2.21
karratha,AU,-20.73765,116.846291,1578960000,65,80,84.96,17.0
port macquarie,AU,-31.433331,152.916672,1578960000,98,76,79.0,9.24
byron bay,AU,-28.65,153.616669,1578960000,90,67,79.48,5.55
dubbo,AU,-32.25,148.616669,1578960000,63,48,86.11,6.76
miguel auza,MX,24.293329,-103.450279,1578960000,96,32,66.7,3.09
touros,BR,-5.1988900000000005,-35.460831,1578960000,84,80,81.61,17.85
port angeles,US,48.118149,-123.43074,1578960000,100,93,21.65,3.44
alofi,NU,-19.059521,-169.918671,1578960000,100,81,84.0,14.27
bonthe,SL,7.526389999999999,-12.505,1578960000,0,79,77.72,4.76
atar,MR,20.516859,-13.04986,1578960000,13,27,56.44,12.1
esmeraldas,BR,-19.762501,-44.313889,1578960000,95,79,76.21,4.0
gazanjyk,TM,39.244629,55.515362,1578960000,25,59,32.67,5.26
calvinia,ZA,-31.47069,19.776011,1578960000,31,44,76.05,5.32
college,US,64.856941,-147.80278,1578960000,97,98,0.86,1.45
sibolga,ID,1.7427,98.779198,1578960000,80,96,70.61,2.91
fukue,JP,32.688061,128.841934,1578960000,100,85,49.69,13.15
berdigestyakh,RU,62.098888,126.699173,1578960000,95,98,-6.25,3.49
balabac,PH,7.9868,117.064499,1578960000,32,78,80.33,9.98
oksfjord,NO,70.239571,22.34786,1578960000,100,92,24.89,5.84
kraljevo,RS,43.72583,20.68944,1578960000,0,90,29.91,3.74
lata,PT,40.162861,-8.33269,1578960000,99,83,49.17,6.55
norman wells,CA,65.282013,-126.832901,1578960000,0,79,-15.45,8.1
biltine,TD,14.53333,20.91667,1578960000,27,15,65.57,8.16
kuala sungai baru,MY,2.3594,102.035301,1578960000,71,90,77.04,4.27
xiongyue,CN,40.177368,122.122841,1578960000,0,72,9.25,9.53
vityazevo,RU,44.993057,37.271942,1578960000,72,78,44.06,12.06
phalombe,MW,-15.80635,35.650669,1578960000,100,96,65.97,1.1
at-bashi,KG,41.17017,75.810577,1578960000,100,96,1.76,6.62
jacobabad,PK,28.281,68.43875899999999,1578960000,7,44,48.38,3.36
cabo san lucas,MX,22.890881,-109.912376,1578960000,100,53,69.76,4.36
algiers,DZ,36.752499,3.04197,1578960000,19,78,43.54,5.48
magdagachi,RU,53.450001,125.800003,1578960000,14,93,-13.54,0.69
boldumsaz,TM,42.128239,59.671009,1578960000,0,81,30.31,6.29
aqtobe,KZ,50.27969,57.20718000000001,1578960000,100,93,24.66,16.84
maldonado,UY,-34.900002,-54.950001,1578960000,0,74,71.92,22.75
honningsvag,NO,70.98209399999998,25.970369,1578960000,100,92,31.28,30.51
keffi,NG,8.84861,7.87361,1578960000,0,26,76.28,4.9
saquisili,EC,-0.8333299999999999,-78.66667199999998,1578960000,77,81,47.82,7.7
mikuni,JP,36.21706,136.151855,1578960000,100,74,43.74,7.29
yumen,CN,40.283329,97.199997,1578960000,96,56,16.9,23.4
morro bay,US,35.36581,-120.849899,1578960000,1,69,56.48,7.85
valmiera,LV,57.54108000000001,25.427509,1578960000,99,95,34.07,7.29
kaka,TM,37.348209,59.614311,1578960000,96,62,36.73,3.02
goderich,CA,43.75008,-81.716476,1578960000,100,96,32.13,2.66
zhengjiatun,CN,43.50639,123.506393,1578960000,31,99,-7.87,1.12
miyako,JP,39.636669,141.952499,1578960000,92,72,36.61,0.94
chernyshevskiy,RU,63.012779,112.47139,1578960000,95,97,-12.8,4.83
jashpurnagar,IN,22.9,84.150002,1578960000,0,45,54.52,2.95
ayagoz,KZ,47.97139,80.439171,1578960000,100,98,12.13,7.83
ostrovnoy,RU,68.053062,39.513062,1578960000,77,92,16.77,15.9
montepuez,MZ,-13.12556,38.999722,1578960000,100,98,70.25,4.0
vanavara,RU,60.34,102.279716,1578960000,100,98,-2.16,4.59
kansk,RU,56.201672,95.717499,1578960000,100,95,16.2,8.52
salalah,OM,17.015051,54.092369,1578960000,0,36,64.58,12.3
bukachacha,RU,52.98333,116.916672,1578960000,50,99,-17.99,1.16
makushino,RU,55.21028100000001,67.244171,1578960000,100,91,17.67,19.66
vardo,NO,70.370483,31.110661,1578960000,100,88,28.17,9.31
talcahuano,CL,-36.71667100000001,-73.11666899999999,1578960000,5,86,64.09,18.03
buraydah,SA,26.325991,43.974972,1578960000,0,41,48.54,8.59
leningradskiy,RU,69.38333100000001,178.416672,1578960000,76,94,-11.2,6.44
puerto colombia,CO,10.98778,-74.95472,1578960000,69,71,81.84,32.53
road town,VG,18.41667,-64.61666899999999,1578960000,11,71,78.35,30.27
coquimbo,CL,-29.953329,-71.343613,1578960000,34,85,63.57,21.83
ozerna,UA,49.62891,25.328951,1578960000,100,87,32.2,3.42
atambua,ID,-9.10611,124.892502,1578960000,100,75,79.29,0.92
khipro,PK,25.828470000000006,69.37719,1578960000,0,50,52.97,1.45
jizan,SA,16.88917,42.551109,1578960000,0,66,76.62,4.99
buala,SB,-8.144969999999999,159.592117,1578960000,91,70,87.01,13.22
gabu,GW,12.28333,-14.21667,1578960000,0,17,76.19,7.43
lao cai,VN,22.48333,103.949997,1578960000,71,92,55.83,0.2
onega,RU,63.906071,38.14035,1578960000,100,88,29.19,11.83
port shepstone,ZA,-30.741369,30.45499,1578960000,36,90,68.38,2.35
yokadouma,CM,3.5166699999999995,15.05,1578960000,100,45,68.86,0.67
saryg-sep,RU,51.5,95.599998,1578960000,71,92,-13.56,0.72
ayame,CI,5.60831,-3.1563,1578960000,0,91,76.14,2.64
kudahuvadhoo,MV,2.67075,72.89437099999998,1578960000,100,79,81.01,14.03
mabay,PH,6.05772,124.466614,1578960000,84,78,80.83,2.68
sal rei,CV,16.183331,-22.91667,1578960000,72,73,69.4,16.98
mariestad,SE,58.709709,13.823670000000002,1578960000,54,87,37.35,7.7
nayoro,JP,44.350559,142.45777900000004,1578960000,100,95,22.71,4.94
sampit,ID,-2.53333,112.949997,1578960000,77,87,77.97,3.04
ugoofaaru,MV,5.66667,73.0,1578960000,93,68,80.73,13.89
hualmay,PE,-11.09639,-77.613892,1578960000,10,78,69.66,4.9
yeppoon,AU,-23.133329,150.733337,1578960000,65,63,88.88,10.69
nizhniy kuranakh,RU,58.83528100000001,125.486938,1578960000,93,98,-2.4,2.86
jacmel,HT,18.234171,-72.53472099999998,1578960000,0,65,86.41,29.57
kilindoni,TZ,-7.9139,39.66684,1578960000,29,78,83.77,15.28
gushikawa,JP,26.354441,127.868607,1578960000,50,68,64.49,8.72
tubmanburg,LR,6.8708300000000015,-10.81722,1578960000,1,96,73.2,1.79
phek,IN,25.66667,94.5,1578960000,1,95,41.47,1.72
kattivakkam,IN,13.21667,80.316673,1578960000,43,57,77.41,9.8
sistranda,NO,63.725552,8.834019999999997,1578960000,85,67,33.22,9.66
chumikan,RU,54.71833,135.315002,1578960000,0,82,-10.3,5.99
lashio,MM,22.933331,97.75,1578960000,22,97,50.07,1.79
orotukan,RU,62.26667,151.699997,1578960000,0,82,-30.96,2.86
khandbari,NP,27.374689,87.203903,1578960000,0,32,36.95,4.85
bandarbeyla,SO,9.4942,50.812199,1578960000,78,78,75.02,21.14
kita,ML,13.0349,-9.4895,1578960000,0,17,70.88,8.9
huasahuasi,PE,-11.31667,-75.61666899999999,1578960000,50,94,42.26,4.14
coihaique,CL,-45.575241,-72.066193,1578960000,4,76,60.37,7.11
manavgat,TR,36.78667100000001,31.44306,1578960000,0,55,45.07,6.29
ramanagaram,IN,12.71667,77.300003,1578960000,38,95,62.26,2.68
bilibino,RU,68.054642,166.43721000000005,1578960000,78,99,-29.18,1.79
birao,CF,10.28488,22.788179,1578960000,0,19,63.12,10.09
upata,VE,8.008611,-62.398888,1578960000,40,90,69.26,5.44
hun,LY,29.126841,15.94772,1578960000,100,82,48.6,7.58
ankazobe,MG,-18.316669,47.116669,1578960000,100,91,66.11,0.65
soddy-daisy,US,35.235901,-85.190788,1578960000,100,96,57.49,3.56
iskilip,TR,40.735279,34.473888,1578960000,0,76,32.2,0.87
korla,CN,41.75972,86.14694200000002,1578960000,100,67,16.36,1.12
inuvik,CA,68.349861,-133.721817,1578960000,0,74,-10.35,12.91
oussouye,SN,12.485,-16.54694,1578960000,0,19,74.1,7.87
berezovyy,RU,51.666672,135.699997,1578960000,0,85,-9.18,3.87
zaoyang,CN,32.12722,112.754173,1578960000,70,82,33.44,7.27
kifri,IQ,34.695869,44.966099,1578960000,40,78,45.25,10.83
kommunisticheskiy,RU,61.67889,64.481941,1578960000,77,96,14.05,5.68
el carrizo,MX,24.02611,-106.881393,1578960000,100,53,73.81,8.03
shellbrook,CA,53.216789,-106.401093,1578960000,100,97,-14.01,4.54
chara,RU,56.906391000000006,118.263062,1578960000,10,83,-20.31,0.83
primo tapia,MX,32.220001,-116.917221,1578960000,0,71,60.42,8.39
hami,CN,42.799999,93.449997,1578960000,100,42,20.88,3.15
wajima,JP,37.400002,136.899994,1578960000,97,68,46.71,21.41
french harbor,HN,16.35,-86.433327,1578960000,1,79,81.91,24.2
enshi,CN,30.299999,109.48333,1578960000,100,95,36.05,1.68
ribeira brava,PT,32.650002,-17.066669,1578960000,28,62,63.52,7.43
thayetmyo,MM,19.316669,95.183327,1578960000,0,81,58.59,2.95
puerto penasco,MX,31.316669,-113.533333,1578960000,0,33,66.34,2.91
zomin,UZ,39.96056,68.39582800000001,1578960000,87,89,26.76,2.39
teguldet,RU,57.306389,88.16667199999998,1578960000,100,95,5.88,8.01
boende,CD,-0.21667,20.866671,1578960000,77,73,73.42,0.87
japura,ID,-0.31667,102.349998,1578960000,80,94,74.12,1.74
bonavista,CA,48.649891,-53.114738,1578960000,63,72,16.74,15.77
aykhal,RU,66.0,111.5,1578960000,92,99,-8.88,7.49
lulea,SE,65.584152,22.15465,1578960000,70,81,32.09,7.99
kasongo-lunda,CD,-6.46667,16.816669,1578960000,83,81,68.67,1.19
joshimath,IN,30.566669,79.566673,1578960000,100,98,31.44,4.32
kailua,US,21.40222,-157.739441,1578960000,100,77,77.77,31.12
vytegra,RU,61.006359,36.448109,1578960000,72,88,30.49,11.36
chiredzi,ZW,-21.049999,31.66667,1578960000,0,86,71.06,4.09
pontalina,BR,-17.525,-49.44722,1578960000,36,87,72.21,2.06
pathein,MM,16.783331,94.73333,1578960000,0,86,69.17,4.32
anton lizardo,MX,19.049999,-95.98333,1578960000,22,90,76.53,10.69
tashtyp,RU,52.79389200000001,89.898331,1578960000,100,95,13.95,3.4
waipawa,NZ,-41.41222,175.515274,1578960000,69,66,59.92,10.78
forrest city,US,35.008148,-90.789833,1578960000,100,83,49.08,4.21
nishihara,JP,26.18417,127.755829,1578960000,31,69,67.06,14.7
khakhea,BW,-24.689541,23.49403,1578960000,5,54,75.67,9.51
nayagarh,IN,20.133329,85.099998,1578960000,0,69,57.65,1.48
baturaja,ID,-4.13333,104.166672,1578960000,82,95,72.5,2.21
baruun-urt,MN,46.680561,113.279167,1578960000,0,90,-3.95,9.62
teluk nibung,ID,3.0010000000000003,99.816399,1578960000,46,77,79.38,6.2
kurmanayevka,RU,52.5093,52.067501,1578960000,100,96,27.55,9.82
lucapa,AO,-8.41915,20.744659,1578960000,100,96,65.43,3.11
muroto,JP,33.283328999999995,134.149994,1578960000,19,55,43.18,2.24
pirovskoye,RU,57.626671,92.265831,1578960000,95,94,12.94,6.13
lavrentiya,RU,65.58332800000001,-171.0,1578960000,1,76,2.16,13.04
auki,SB,-8.767610000000001,160.703354,1578960000,98,77,84.99,21.85
oistins,BB,13.06667,-59.533329,1578960000,3,76,76.71,20.15
hirara,JP,24.799999,125.283333,1578960000,0,72,68.36,15.32
namie,JP,37.48333,141.0,1578960000,68,73,42.57,2.08
pangody,RU,65.850021,74.48593100000002,1578960000,99,95,12.38,10.42
melipilla,CL,-33.700001,-71.216667,1578960000,0,59,64.92,4.74
ojinaga,MX,29.566669,-104.416672,1578960000,100,25,63.28,3.44
campoverde,PE,-8.47528,-74.805832,1578960000,51,53,84.31,2.91
nha trang,VN,12.25,109.183327,1578960000,13,92,71.4,4.36
nouadhibou,MR,20.930981,-17.034651,1578960000,19,48,66.18,10.83
beyla,GN,8.68333,-8.63333,1578960000,0,30,71.74,4.18
agidel,RU,55.9077,53.935501,1578960000,82,92,28.06,10.18
opuwo,,-18.06068,13.83998,1578960000,40,57,69.73,3.13
mancio lima,BR,-7.61417,-72.89582800000002,1578960000,100,87,80.44,2.3
kieta,PG,-6.21667,155.633331,1578960000,87,74,82.89,4.65
gornopravdinsk,RU,60.049999,69.900002,1578960000,100,94,20.41,9.62
libohove,AL,40.031109,20.26306,1578960000,53,82,40.57,2.89
anadyr,RU,64.75,177.483337,1578960000,0,77,8.28,8.41
port moresby,PG,-9.44314,147.17971799999995,1578960000,100,83,79.72,17.81
atikokan,CA,48.755508,-91.621597,1578960000,75,91,19.96,10.13
miri,MY,4.4148,114.008904,1578960000,65,87,78.35,5.93
chanute,US,37.679211,-95.457199,1578960000,4,84,44.42,12.5
tamale,GH,9.40078,-0.8393,1578960000,26,13,80.74,11.43
chor,PK,25.51667,69.76666999999999,1578960000,0,44,53.85,4.56
tiarei,PF,-17.533331,-149.333328,1578960000,100,80,83.14,22.5
naze,JP,28.366671000000004,129.483337,1578960000,95,65,61.03,8.16
armidale,AU,-30.51667,151.649994,1578960000,36,39,76.15,6.55
yabrud,SY,33.967361,36.65741,1578960000,0,47,33.67,2.93
nuuk,GL,64.183472,-51.721569,1578960000,100,69,14.23,5.97
necochea,AR,-38.54726,-58.736752,1578960000,87,74,62.53,17.74
silver city,US,32.770081,-108.280327,1578960000,0,37,44.96,5.03
anloga,GH,5.79473,0.89728,1578960000,9,84,81.46,10.4
najran,SA,17.492399,44.127659,1578960000,15,81,48.47,2.62
ukhta,RU,63.567051,53.68347900000001,1578960000,99,96,1.49,4.97
mehamn,NO,71.035698,27.849171,1578960000,100,94,26.89,26.73
jutai,BR,-5.1833300000000015,-68.900002,1578960000,45,96,73.74,2.57
chapais,CA,49.78344,-74.84919000000002,1578960000,89,99,-1.71,0.56
fasa,IR,28.938299,53.648201,1578960000,0,78,31.64,1.07
presidencia roque saenz pena,AR,-26.785219,-60.438759,1578960000,99,64,84.76,7.99
mitsamiouli,KM,-11.38472,43.284439,1578960000,0,72,83.44,3.78
grand gaube,MU,-20.00639,57.66083100000001,1578960000,49,82,80.46,10.45
gazimurskiy zavod,RU,51.546101,118.326599,1578960000,4,94,-14.89,3.65
canico,PT,32.633331,-16.85,1578960000,28,62,63.52,7.43
aswan,EG,24.09343,32.90704,1578960000,87,64,55.72,7.34
sisimiut,GL,66.939461,-53.6735,1578960000,100,91,-0.09,4.7
lasa,IT,46.616611,10.70016,1578960000,7,36,21.54,4.14
les cayes,HT,18.200001,-73.75,1578960000,0,70,82.31,21.12
dondo,MZ,-19.60944,34.743061,1578960000,92,97,75.81,0.2
san rafael del sur,NI,11.84854,-86.438393,1578960000,32,51,81.68,17.92
polunochnoye,RU,60.86972,60.41527900000001,1578960000,59,88,17.06,2.37
phalaborwa,ZA,-23.942989,31.141069,1578960000,100,85,71.13,9.15
ettenheim,DE,48.25,7.8166699999999985,1578960000,57,67,37.27,7.07
poddorye,RU,57.469471,31.11561,1578960000,99,84,33.48,5.14
lerik,AZ,38.772629,48.412788,1578960000,15,63,35.49,5.59
quelimane,MZ,-17.878611,36.888329,1578960000,100,87,78.26,3.15
grande prairie,CA,55.166672,-118.80271100000002,1578960000,100,97,-17.88,3.44
ca mau,VN,9.17694,105.150002,1578960000,33,74,73.78,5.99
golyshmanovo,RU,56.3979,68.372787,1578960000,100,91,20.73,15.75
borogontsy,RU,62.66833100000001,131.168335,1578960000,100,98,-21.75,3.49
arinos,BR,-15.91694,-46.10556,1578960000,51,72,74.21,2.01
nueva loja,EC,0.08472,-76.88278199999998,1578960000,78,69,75.79,1.61
sungairaya,ID,0.7,108.900002,1578960000,100,89,77.13,1.66
kamakwie,SL,9.5,-12.23333,1578960000,0,38,73.74,1.52
mzimba,MW,-11.9,33.599998,1578960000,95,95,62.2,3.29
ismailia,EG,30.604271,32.272251000000004,1578960000,17,79,54.21,9.04
turangi,NZ,-39.0,175.933334,1578960000,74,49,72.77,5.79
araceli,PH,10.5529,119.991302,1578960000,28,82,80.08,16.31
la ronge,CA,55.10012800000001,-105.284218,1578960000,100,97,-11.58,5.5
chernyshkovskiy,RU,48.421879,42.23082,1578960000,100,85,32.85,11.7
jiaojiang,CN,28.680281,121.44278,1578960000,98,78,47.84,10.22
kulhudhuffushi,MV,6.62207,73.06997700000002,1578960000,100,61,81.09,11.48
maiduguri,NG,11.84644,13.16027,1578960000,44,24,72.25,6.73
clearlake,US,38.958229,-122.626373,1578960000,39,81,46.38,6.4
kashi,CN,39.45472,75.979721,1578960000,100,96,22.78,1.83
vienenburg,DE,51.950001,10.56667,1578960000,66,83,43.32,11.88
rio gallegos,AR,-51.622608,-69.218132,1578960000,100,89,66.96,14.0
zrenjanin,RS,45.38361,20.381941,1578960000,0,89,32.09,4.05
severo-yeniseyskiy,RU,60.372501,93.040833,1578960000,88,96,-2.11,4.99
xining,CN,36.616669,101.76667,1578960000,76,72,12.7,5.91
asau,RO,46.433331,26.4,1578960000,12,66,28.96,4.03
natyrbovo,RU,44.73,40.626389,1578960000,39,92,29.89,4.18
viedma,AR,-40.81345,-62.996681,1578960000,33,50,69.26,13.73
beawar,IN,26.1,74.316673,1578960000,0,86,46.17,5.55
kavaratti,IN,10.56688,72.64202900000002,1578960000,3,69,81.37,10.0
brae,GB,60.396351,-1.35296,1578960000,97,70,47.48,37.87
hlobyne,UA,49.38784,33.25959,1578960000,100,92,33.82,5.77
dekar,BW,-21.533331,21.933331,1578960000,27,64,73.13,6.96
poum,NC,-20.23333,164.016663,1578960000,81,78,80.6,25.14
keflavik,IS,64.004921,-22.56242,1578960000,100,67,34.52,38.3
alyangula,AU,-13.84833,136.419174,1578960000,64,64,89.74,6.78
moussoro,TD,13.64084,16.490070000000006,1578960000,92,13,73.67,7.07
marsa matruh,EG,31.352539,27.245279,1578960000,100,57,60.69,6.58
puerto narino,CO,-3.77028,-70.383057,1578960000,99,95,78.19,1.52
kudat,MY,6.8837,116.847702,1578960000,95,79,80.37,11.61
grand-lahou,CI,5.13667,-5.02417,1578960000,0,86,81.37,8.32
vao,NC,-22.66667,167.483337,1578960000,82,81,77.59,21.5
maues,BR,-3.38361,-57.718609,1578960000,99,96,74.57,0.92
rohnert park,US,38.339642,-122.701103,1578960000,9,72,50.7,7.9
oriximina,BR,-1.7655599999999998,-55.866112,1578960000,50,85,77.95,5.19
abu dhabi,AE,24.466669,54.366669,1578960000,39,64,65.48,15.88
taber,CA,49.816738,-112.15181,1578960000,99,90,-15.07,7.45
sao miguel do araguaia,BR,-13.275,-50.162781,1578960000,20,85,75.25,2.51
pontes e lacerda,BR,-15.22611,-59.33528100000001,1578960000,67,95,75.38,2.06
sioux lookout,CA,50.100071,-91.916969,1578960000,96,94,14.49,6.11
